sequence_id,mutation_type,position,original_base,new_base
seq_01_01,SUBSTITUTION,72,A,G
seq_01_01,SUBSTITUTION,21,G,C
seq_01_01,SUBSTITUTION,26,C,A
seq_01_02,SUBSTITUTION,32,A,G
seq_01_02,SUBSTITUTION,2,C,A
seq_01_02,SUBSTITUTION,76,G,C
seq_01_03,SUBSTITUTION,36,A,T
seq_01_03,SUBSTITUTION,57,T,C
seq_01_03,SUBSTITUTION,4,G,A
seq_01_03,SUBSTITUTION,6,C,G
seq_01_03,SUBSTITUTION,16,T,C
seq_01_04,SUBSTITUTION,51,A,C
seq_01_04,SUBSTITUTION,60,C,T
seq_01_04,SUBSTITUTION,56,A,C
seq_02_01,SUBSTITUTION,13,T,C
seq_02_01,SUBSTITUTION,1,G,A
seq_02_01,SUBSTITUTION,29,C,G
seq_02_01,SUBSTITUTION,30,T,C
seq_02_02,SUBSTITUTION,8,A,G
seq_02_02,SUBSTITUTION,10,G,C
seq_02_02,SUBSTITUTION,22,G,C
seq_02_02,SUBSTITUTION,1,G,C
seq_02_02,SUBSTITUTION,36,C,A
seq_02_03,SUBSTITUTION,20,T,C
seq_02_03,SUBSTITUTION,6,C,T
seq_02_03,SUBSTITUTION,8,A,C
seq_02_03,SUBSTITUTION,17,T,G
seq_03_01,SUBSTITUTION,34,A,T
seq_03_01,SUBSTITUTION,10,C,G
seq_03_01,SUBSTITUTION,23,T,A
seq_03_02,SUBSTITUTION,56,A,T
seq_03_02,SUBSTITUTION,10,C,A
seq_03_02,SUBSTITUTION,0,G,T
seq_03_03,SUBSTITUTION,41,G,T
seq_03_03,SUBSTITUTION,8,G,A
seq_03_03,SUBSTITUTION,76,G,T
